{
	"info": {
		"_postman_id": "11c2ab05-3613-4af4-8bd1-b1877abeceb9",
		"name": "wetouriah",
		"schema": "https://schema.getpostman.com/json/collection/v2.1.0/collection.json"
	},
	"item": [
		{
			"name": "Users",
			"item": [
				{
					"name": "get all users",
					"request": {
						"method": "GET",
						"header": [],
						"url": {
							"raw": "http://127.0.0.1:8000/api/users",
							"protocol": "http",
							"host": [
								"127",
								"0",
								"0",
								"1"
							],
							"port": "8000",
							"path": [
								"api",
								"users"
							]
						},
						"description": "Get all users"
					},
					"response": []
				},
				{
					"name": "create-user",
					"request": {
						"method": "POST",
						"header": [],
						"body": {
							"mode": "formdata",
							"formdata": [
								{
									"key": "email",
									"value": "perfect7@testemail.com",
									"type": "default"
								},
								{
									"key": "username",
									"value": "perfect7",
									"type": "default"
								},
								{
									"key": "password",
									"value": "Marea36*******",
									"type": "default"
								},
								{
									"key": "title",
									"value": "Mrs",
									"type": "default"
								},
								{
									"key": "profile_picture",
									"type": "file",
									"src": "/C:/Users/User/Downloads/logo_premier-fmcg_74636-150x150.png"
								},
								{
									"key": "firstname",
									"value": "test name",
									"type": "default"
								},
								{
									"key": "lastname",
									"value": "test lastname",
									"type": "default"
								},
								{
									"key": "address",
									"value": "test address",
									"type": "default"
								},
								{
									"key": "phone_number",
									"value": "0744988842",
									"type": "default"
								}
							]
						},
						"url": {
							"raw": "http://127.0.0.1:8000/api/create-user/",
							"protocol": "http",
							"host": [
								"127",
								"0",
								"0",
								"1"
							],
							"port": "8000",
							"path": [
								"api",
								"create-user",
								""
							]
						}
					},
					"response": []
				},
				{
					"name": "get a user",
					"protocolProfileBehavior": {
						"disableBodyPruning": true
					},
					"request": {
						"method": "GET",
						"header": [
							{
								"key": "pk",
								"value": "1",
								"type": "default",
								"disabled": true
							}
						],
						"body": {
							"mode": "formdata",
							"formdata": [
								{
									"key": "pk",
									"value": "1",
									"type": "default",
									"disabled": true
								}
							]
						},
						"url": {
							"raw": "http://127.0.0.1:8000/api/users/2/",
							"protocol": "http",
							"host": [
								"127",
								"0",
								"0",
								"1"
							],
							"port": "8000",
							"path": [
								"api",
								"users",
								"2",
								""
							],
							"query": [
								{
									"key": "pk",
									"value": "1",
									"disabled": true
								}
							]
						}
					},
					"response": []
				},
				{
					"name": "update user",
					"request": {
						"method": "PUT",
						"header": [],
						"body": {
							"mode": "formdata",
							"formdata": [
								{
									"key": "email",
									"value": "perfect4@testemail.com",
									"type": "default",
									"disabled": true
								},
								{
									"key": "username",
									"value": "perfect4",
									"type": "default",
									"disabled": true
								},
								{
									"key": "user",
									"value": "11",
									"type": "default",
									"disabled": true
								},
								{
									"key": "title",
									"value": "changed",
									"type": "default"
								},
								{
									"key": "profile_picture",
									"type": "file",
									"src": "/C:/Users/User/Downloads/logo_premier-fmcg_74636-150x150.png"
								},
								{
									"key": "firstname",
									"value": "test name",
									"type": "default"
								},
								{
									"key": "lastname",
									"value": "test lastname",
									"type": "default"
								},
								{
									"key": "address",
									"value": "test address",
									"type": "default"
								},
								{
									"key": "phone_number",
									"value": "0744988842",
									"type": "default"
								}
							]
						},
						"url": {
							"raw": "http://127.0.0.1:8000/api/update-user/11/",
							"protocol": "http",
							"host": [
								"127",
								"0",
								"0",
								"1"
							],
							"port": "8000",
							"path": [
								"api",
								"update-user",
								"11",
								""
							]
						}
					},
					"response": []
				}
			]
		},
		{
			"name": "cars",
			"item": [
				{
					"name": "get all cars",
					"request": {
						"method": "GET",
						"header": [],
						"url": {
							"raw": "http://127.0.0.1:8000/api/cars",
							"protocol": "http",
							"host": [
								"127",
								"0",
								"0",
								"1"
							],
							"port": "8000",
							"path": [
								"api",
								"cars"
							]
						}
					},
					"response": []
				},
				{
					"name": "get a car",
					"protocolProfileBehavior": {
						"disableBodyPruning": true
					},
					"request": {
						"method": "GET",
						"header": [
							{
								"key": "pk",
								"value": "1",
								"type": "default",
								"disabled": true
							}
						],
						"body": {
							"mode": "formdata",
							"formdata": [
								{
									"key": "pk",
									"value": "1",
									"type": "default",
									"disabled": true
								}
							]
						},
						"url": {
							"raw": "http://127.0.0.1:8000/api/cars/2/",
							"protocol": "http",
							"host": [
								"127",
								"0",
								"0",
								"1"
							],
							"port": "8000",
							"path": [
								"api",
								"cars",
								"2",
								""
							],
							"query": [
								{
									"key": "pk",
									"value": "1",
									"disabled": true
								}
							]
						}
					},
					"response": []
				},
				{
					"name": "create a car",
					"request": {
						"method": "PUT",
						"header": [],
						"body": {
							"mode": "formdata",
							"formdata": [
								{
									"key": "id",
									"value": "3",
									"type": "default"
								},
								{
									"key": "car_owner",
									"value": "6",
									"type": "default"
								},
								{
									"key": "type",
									"value": "updated with no",
									"type": "default"
								},
								{
									"key": "capacity",
									"value": "1500kg",
									"type": "default",
									"disabled": true
								},
								{
									"key": "color",
									"value": "Black",
									"type": "default",
									"disabled": true
								},
								{
									"key": "make",
									"value": "Toyota",
									"type": "default",
									"disabled": true
								},
								{
									"key": "model",
									"value": "2f",
									"type": "default",
									"disabled": true
								},
								{
									"key": "year",
									"value": "2009",
									"type": "default",
									"disabled": true
								},
								{
									"key": "license_plate",
									"value": "VBG 247 GP",
									"type": "default",
									"disabled": true
								}
							]
						},
						"url": {
							"raw": "http://127.0.0.1:8000/api/add-update-car/",
							"protocol": "http",
							"host": [
								"127",
								"0",
								"0",
								"1"
							],
							"port": "8000",
							"path": [
								"api",
								"add-update-car",
								""
							]
						}
					},
					"response": []
				}
			]
		},
		{
			"name": "warehouses",
			"item": [
				{
					"name": "get all warehouses",
					"request": {
						"method": "GET",
						"header": [],
						"url": {
							"raw": "http://127.0.0.1:8000/api/warehouses",
							"protocol": "http",
							"host": [
								"127",
								"0",
								"0",
								"1"
							],
							"port": "8000",
							"path": [
								"api",
								"warehouses"
							]
						}
					},
					"response": []
				},
				{
					"name": "get a warehouse",
					"protocolProfileBehavior": {
						"disableBodyPruning": true
					},
					"request": {
						"method": "GET",
						"header": [
							{
								"key": "pk",
								"value": "1",
								"type": "default",
								"disabled": true
							}
						],
						"body": {
							"mode": "formdata",
							"formdata": [
								{
									"key": "pk",
									"value": "1",
									"type": "default",
									"disabled": true
								}
							]
						},
						"url": {
							"raw": "http://127.0.0.1:8000/api/warehouses/2/",
							"protocol": "http",
							"host": [
								"127",
								"0",
								"0",
								"1"
							],
							"port": "8000",
							"path": [
								"api",
								"warehouses",
								"2",
								""
							],
							"query": [
								{
									"key": "pk",
									"value": "1",
									"disabled": true
								}
							]
						}
					},
					"response": []
				},
				{
					"name": "create a warehouse",
					"request": {
						"method": "PUT",
						"header": [],
						"body": {
							"mode": "formdata",
							"formdata": [
								{
									"key": "id",
									"value": "1",
									"type": "default"
								},
								{
									"key": "warehouse_owner",
									"value": "6",
									"type": "default"
								},
								{
									"key": "image",
									"type": "file",
									"src": "/C:/Users/User/Downloads/Untitled.png"
								},
								{
									"key": "address",
									"value": "11B Comet updated",
									"type": "default"
								},
								{
									"key": "volume",
									"value": "200 sq",
									"type": "default"
								},
								{
									"key": "cctv",
									"value": "1",
									"type": "default"
								},
								{
									"key": "armed_response",
									"value": "1",
									"type": "default"
								},
								{
									"key": "fire_safety_and_management",
									"value": "1",
									"type": "default"
								},
								{
									"key": "parking_space",
									"value": "1",
									"type": "default"
								},
								{
									"key": "operating_hours",
									"value": "10 AM to 12 PM",
									"type": "default"
								}
							]
						},
						"url": {
							"raw": "http://127.0.0.1:8000/api/add-update-warehouse/",
							"protocol": "http",
							"host": [
								"127",
								"0",
								"0",
								"1"
							],
							"port": "8000",
							"path": [
								"api",
								"add-update-warehouse",
								""
							]
						}
					},
					"response": []
				}
			]
		},
		{
			"name": "requestpickups",
			"item": [
				{
					"name": "get all requestpickups",
					"request": {
						"method": "GET",
						"header": [],
						"url": {
							"raw": "http://127.0.0.1:8000/api/requestpickups",
							"protocol": "http",
							"host": [
								"127",
								"0",
								"0",
								"1"
							],
							"port": "8000",
							"path": [
								"api",
								"requestpickups"
							]
						}
					},
					"response": []
				},
				{
					"name": "get all user requestpickups",
					"request": {
						"method": "GET",
						"header": [],
						"url": {
							"raw": "http://127.0.0.1:8000/api/all-requestpickups-by-user/?customer=6&keyword",
							"protocol": "http",
							"host": [
								"127",
								"0",
								"0",
								"1"
							],
							"port": "8000",
							"path": [
								"api",
								"all-requestpickups-by-user",
								""
							],
							"query": [
								{
									"key": "customer",
									"value": "6"
								},
								{
									"key": "is_picked",
									"value": "1",
									"disabled": true
								},
								{
									"key": "keyword",
									"value": null
								}
							]
						}
					},
					"response": []
				},
				{
					"name": "get a requestpickup",
					"protocolProfileBehavior": {
						"disableBodyPruning": true
					},
					"request": {
						"method": "GET",
						"header": [
							{
								"key": "pk",
								"value": "1",
								"type": "default",
								"disabled": true
							}
						],
						"body": {
							"mode": "formdata",
							"formdata": [
								{
									"key": "pk",
									"value": "1",
									"type": "default",
									"disabled": true
								}
							]
						},
						"url": {
							"raw": "http://127.0.0.1:8000/api/requestpickups/2/",
							"protocol": "http",
							"host": [
								"127",
								"0",
								"0",
								"1"
							],
							"port": "8000",
							"path": [
								"api",
								"requestpickups",
								"2",
								""
							],
							"query": [
								{
									"key": "pk",
									"value": "1",
									"disabled": true
								}
							]
						}
					},
					"response": []
				},
				{
					"name": "create a requestpickup",
					"request": {
						"method": "POST",
						"header": [],
						"body": {
							"mode": "formdata",
							"formdata": [
								{
									"key": "id",
									"value": "1",
									"type": "default",
									"disabled": true
								},
								{
									"key": "request_time",
									"value": "2023-05-23T17:25:39.069859Z",
									"type": "default",
									"disabled": true
								},
								{
									"key": "updated",
									"value": "2023-05-23T17:25:39.069859Z",
									"type": "text",
									"disabled": true
								},
								{
									"key": "date_and_time_pickup",
									"value": "2023-05-23T17:25:39.069859Z",
									"type": "default"
								},
								{
									"key": "date_and_time_dropoff",
									"value": "2023-05-23T17:25:39.069859Z",
									"type": "default"
								},
								{
									"key": "recipient_name",
									"value": "Pule Molifi",
									"type": "default"
								},
								{
									"key": "recipient_phone",
									"value": "084773484",
									"type": "default"
								},
								{
									"key": "pickup_location",
									"value": "42 Jon rd, Westedene, Bloemfontein, 9300",
									"type": "default"
								},
								{
									"key": "dropoff_location",
									"value": "53 Oler rd, Universitas, Bloemfontein, 9300",
									"type": "default"
								},
								{
									"key": "volume",
									"value": "10 kg",
									"type": "default"
								},
								{
									"key": "weight",
									"value": "3",
									"type": "default"
								},
								{
									"key": "parcel_description",
									"value": "Laptop with charger, bag and external keyboard",
									"type": "default"
								},
								{
									"key": "special_notes",
									"value": "Handle with car",
									"type": "default"
								},
								{
									"key": "price_to_pay",
									"value": "100",
									"type": "default"
								},
								{
									"key": "customer",
									"value": "6",
									"type": "default"
								}
							]
						},
						"url": {
							"raw": "http://127.0.0.1:8000/api/add-update-requestpickup/",
							"protocol": "http",
							"host": [
								"127",
								"0",
								"0",
								"1"
							],
							"port": "8000",
							"path": [
								"api",
								"add-update-requestpickup",
								""
							]
						}
					},
					"response": []
				}
			]
		},
		{
			"name": "pickup",
			"item": [
				{
					"name": "get all pickups",
					"request": {
						"method": "GET",
						"header": [],
						"url": {
							"raw": "http://127.0.0.1:8000/api/pickups",
							"protocol": "http",
							"host": [
								"127",
								"0",
								"0",
								"1"
							],
							"port": "8000",
							"path": [
								"api",
								"pickups"
							]
						}
					},
					"response": []
				},
				{
					"name": "get a pickup",
					"protocolProfileBehavior": {
						"disableBodyPruning": true
					},
					"request": {
						"method": "GET",
						"header": [
							{
								"key": "pk",
								"value": "1",
								"type": "default",
								"disabled": true
							}
						],
						"body": {
							"mode": "formdata",
							"formdata": [
								{
									"key": "pk",
									"value": "1",
									"type": "default",
									"disabled": true
								}
							]
						},
						"url": {
							"raw": "http://127.0.0.1:8000/api/pickups/1/",
							"protocol": "http",
							"host": [
								"127",
								"0",
								"0",
								"1"
							],
							"port": "8000",
							"path": [
								"api",
								"pickups",
								"1",
								""
							],
							"query": [
								{
									"key": "pk",
									"value": "1",
									"disabled": true
								}
							]
						}
					},
					"response": []
				},
				{
					"name": "create a pickup",
					"request": {
						"method": "POST",
						"header": [],
						"body": {
							"mode": "formdata",
							"formdata": [
								{
									"key": "id",
									"value": "1",
									"type": "default",
									"disabled": true
								},
								{
									"key": "request_pickup",
									"value": "1",
									"type": "default"
								},
								{
									"key": "car",
									"value": "1",
									"type": "text"
								},
								{
									"key": "start_datetime",
									"value": "2023-05-23T17:25:39.069859Z",
									"type": "default"
								},
								{
									"key": "end_datetime",
									"value": "2023-05-23T17:25:39.069859Z",
									"type": "default"
								},
								{
									"key": "duration",
									"value": "5 hours",
									"type": "default"
								},
								{
									"key": "tip",
									"value": "100",
									"type": "default"
								},
								{
									"key": "is_delivered",
									"value": "1",
									"type": "default"
								}
							]
						},
						"url": {
							"raw": "http://127.0.0.1:8000/api/add-update-pickup/",
							"protocol": "http",
							"host": [
								"127",
								"0",
								"0",
								"1"
							],
							"port": "8000",
							"path": [
								"api",
								"add-update-pickup",
								""
							]
						}
					},
					"response": []
				}
			]
		},
		{
			"name": "pickup-messages",
			"item": [
				{
					"name": "get all pickup messages",
					"request": {
						"method": "GET",
						"header": [],
						"url": {
							"raw": "http://127.0.0.1:8000/api/pickup-messages",
							"protocol": "http",
							"host": [
								"127",
								"0",
								"0",
								"1"
							],
							"port": "8000",
							"path": [
								"api",
								"pickup-messages"
							]
						}
					},
					"response": []
				},
				{
					"name": "get a pickup-message",
					"protocolProfileBehavior": {
						"disableBodyPruning": true
					},
					"request": {
						"method": "GET",
						"header": [
							{
								"key": "pk",
								"value": "1",
								"type": "default",
								"disabled": true
							}
						],
						"body": {
							"mode": "formdata",
							"formdata": [
								{
									"key": "pk",
									"value": "1",
									"type": "default",
									"disabled": true
								}
							]
						},
						"url": {
							"raw": "http://127.0.0.1:8000/api/pickup-messages/1/",
							"protocol": "http",
							"host": [
								"127",
								"0",
								"0",
								"1"
							],
							"port": "8000",
							"path": [
								"api",
								"pickup-messages",
								"1",
								""
							],
							"query": [
								{
									"key": "pk",
									"value": "1",
									"disabled": true
								}
							]
						}
					},
					"response": []
				},
				{
					"name": "create a pickup-messages",
					"request": {
						"method": "POST",
						"header": [],
						"body": {
							"mode": "formdata",
							"formdata": [
								{
									"key": "pickup",
									"value": "1",
									"type": "default"
								},
								{
									"key": "sender",
									"value": "5",
									"type": "default"
								},
								{
									"key": "message",
									"value": "No",
									"type": "default"
								}
							]
						},
						"url": {
							"raw": "http://127.0.0.1:8000/api/add-update-pickup-messages/",
							"protocol": "http",
							"host": [
								"127",
								"0",
								"0",
								"1"
							],
							"port": "8000",
							"path": [
								"api",
								"add-update-pickup-messages",
								""
							]
						}
					},
					"response": []
				}
			]
		},
		{
			"name": "login refresh",
			"item": [
				{
					"name": "login",
					"request": {
						"method": "POST",
						"header": [],
						"body": {
							"mode": "formdata",
							"formdata": [
								{
									"key": "username",
									"value": "rankonana",
									"type": "default"
								},
								{
									"key": "password",
									"value": "Marea36*******",
									"type": "default"
								}
							]
						},
						"url": {
							"raw": "http://127.0.0.1:8000/api/token/",
							"protocol": "http",
							"host": [
								"127",
								"0",
								"0",
								"1"
							],
							"port": "8000",
							"path": [
								"api",
								"token",
								""
							]
						}
					},
					"response": []
				},
				{
					"name": "refresh",
					"request": {
						"method": "POST",
						"header": [],
						"body": {
							"mode": "formdata",
							"formdata": [
								{
									"key": "refresh",
									"value": "eyJ0eXAiOiJKV1QiLCJhbGciOiJIUzI1NiJ9.eyJ0b2tlbl90eXBlIjoicmVmcmVzaCIsImV4cCI6MTY4NTA1MDM2NiwiaWF0IjoxNjg0ODc3NTY2LCJqdGkiOiI5OGZjMjgxOGVhYjI0NTc4YTM1NGJmOWQ2ZWRjOGMxYyIsInVzZXJfaWQiOjF9.B_DwWLYPYBlTz5KrUqtJg58Iouo1WGlJSiXiA5hzGIE",
									"type": "default"
								}
							]
						},
						"url": {
							"raw": "http://127.0.0.1:8000/api/token/refresh/",
							"protocol": "http",
							"host": [
								"127",
								"0",
								"0",
								"1"
							],
							"port": "8000",
							"path": [
								"api",
								"token",
								"refresh",
								""
							]
						}
					},
					"response": []
				}
			]
		},
		{
			"name": "routes",
			"event": [
				{
					"listen": "test",
					"script": {
						"exec": [
							""
						],
						"type": "text/javascript"
					}
				}
			],
			"request": {
				"auth": {
					"type": "noauth"
				},
				"method": "GET",
				"header": [
					{
						"key": "Authorization",
						"value": "Bearer eyJ0eXAiOiJKV1QiLCJhbGciOiJIUzI1NiJ9.eyJ0b2tlbl90eXBlIjoiYWNjZXNzIiwiZXhwIjoxNjg0ODc1NDA0LCJpYXQiOjE2ODQ4NzE4MDQsImp0aSI6IjcyY2Q5NDRmNWMzMDQyNDY4NmMxMDYyYTc0NTY3MjQ0IiwidXNlcl9pZCI6MX0.V4AJf2Z7cqaf4DKwZ-XdG4PjIb1_XdpDsOBMrw7-Xd8",
						"description": "admin",
						"type": "default"
					},
					{
						"key": "Authorization",
						"value": "Bearer eyJ0eXAiOiJKV1QiLCJhbGciOiJIUzI1NiJ9.eyJ0b2tlbl90eXBlIjoiYWNjZXNzIiwiZXhwIjoxNjg0ODc2NTU0LCJpYXQiOjE2ODQ4NzI5NTQsImp0aSI6IjUwODRmOGZiNGI3ZDQyYjdiMDAwMWFjNDc2NGJjNDYxIiwidXNlcl9pZCI6MTF9.W1K3xp3ve2j6KrvNglvrPERg1PhGUacxYD7xftkG3i8",
						"description": "odinary",
						"type": "default"
					}
				],
				"url": {
					"raw": "http://127.0.0.1:8000/api/",
					"protocol": "http",
					"host": [
						"127",
						"0",
						"0",
						"1"
					],
					"port": "8000",
					"path": [
						"api",
						""
					]
				}
			},
			"response": []
		}
	],
	"auth": {
		"type": "bearer"
	},
	"event": [
		{
			"listen": "prerequest",
			"script": {
				"type": "text/javascript",
				"exec": [
					""
				]
			}
		},
		{
			"listen": "test",
			"script": {
				"type": "text/javascript",
				"exec": [
					""
				]
			}
		}
	]
}